{"cameraMode":{"drawMode":0,"name":"Shaded","section":"Shading Mode"},"sceneLighting":true,"audioPlay":false,"sceneViewState":{"showFog":true,"showMaterialUpdate":false,"showSkybox":true,"showFlares":true,"showImageEffects":true,"showParticleSystems":true},"in2DMode":false,"pivot":{"x":1.573596715927124,"y":-28.234725952148439,"z":9.118734359741211},"rotation":{"x":0.5682779550552368,"y":0.013328512199223042,"z":-0.009206936694681645,"w":0.8226772546768189},"size":63.85448455810547,"orthographic":false}